"","Name","c253295110048_ar2_jun1912_A_SL","c253295110048_ar1_jun1912_B_SL","c253295110048_ar4_jun1912_C_SL","c253295110048_ar3_jun1912_A_L","c253295110048_ar6_jun1912_B_L","c253295110048_ar5_jun1912_C_L","c253295110048_ar8_jun1912_A_C","c253295110048_ar7_jun1912_B_C","Column","Row","RefNumber","Name.Append","ID","ControlType","TopHit","Correct.Accession.number","Accession","Probe","blast2go.Seq.Description","NCBI.Accession.name","Gene","Gene.Code","Probe.Group","Modified.Probe.Group","Function","FC","Species.Detail","Species.Group","X","X.1","logFC","AveExpr","t","P.Value","adj.P.Val","B"
"106","222783284_EZ011951.1_1493-1654","2.48729062403584","2.5507746376209","2.01835309657522","1.24547549006673","2.88558154067171","3.16068631912202","3.04314020837702","4.13548009404676",66,128,4939,"222783284_EZ011951.1","CUST_78_PI426227893","FALSE","gi|222783284_EZ011951.1_1493-1654","EZ011951.1","EZ011951.1","EZ011951","histone deacetylase 11","Histone deacetylase 11 (Hdac11)","Histone deacetylase 11 (Hdac11)","","transcription regulation","(revisit)","transcription","NCF","Acropora millepora","coral",NA,NA,1.2371706984679,2.69084775131453,1.99118505553175,0.0905101724880152,0.243898081441836,-4.68871663386359
"195","222802688_EZ031076.1_33-539","2.05799616601478","2.03753237277374","0.0190003866806313","1.41342684775409","1.53482649701146","0.762436208150862","0.0880680145592286","0.0880680145592286",73,6,3852,"222802688_EZ031076.1","CUST_151_PI426226915","FALSE","gi|222802688_EZ031076.1_33-539","EZ031076.1","EZ031076.1","EZ031076","actin-related protein 2 3 complex subunit 4","Actin-related protein 2/3 complex subunit 4 (ARPC4)","Actin-related protein 2/3 complex subunit 4 (ARPC4)","","cytoskeletal","cell motility_cytokinesis_signaling","cytoskeletal organization","MF","Acropora millepora","coral",NA,NA,-1.28344162726382,1.000169313438,-2.00611418883763,0.0886060206497638,0.242591685598488,-4.6683617215719
"212","2827053_AF013738.1_411-686","3.27379451339137","2.99993197209754","2.48102265537688","2.5131166829908","2.71467974871514","2.47828838495082","0.0880680145592286","2.80695916495158",92,70,704,"2827053_AF013738.1","CUST_90_PI426246026","FALSE","gi|2827053_AF013738.1_411-686","AF013738","AF013738.1","AF013738","cytochrome c oxidase subunit i","cytochrome oxidase subunit I","mitochondrion cytochrome oxidase subunit I (COXI)","","ETC","respiration","cellular respiration","NCF","Montastrea faveolata","coral",NA,NA,-1.47073612386653,2.41948264212917,-2.01148338964131,0.0879310381576636,0.242591685598488,-4.66103382785924
"132","222785020_EZ013654.1_568-693","0","1.53482649701146","0.650980700033619","0.639204043677686","1.53482649701146","1.53482649701146","1.15824226825707","3.10558204862114",53,58,7106,"222785020_EZ013654.1","CUST_823_PI426227498","FALSE","gi|222785020_EZ013654.1_568-693","EZ013654.1","EZ013654.1","EZ013654","dual adaptor of phosphotyrosine and 3-phosphoinositides","Dual adapter for phosphotyrosine and 3-phosphotyrosine and 3-phosphoinositide (Dapp1)","Dual adapter for phosphotyrosine and 3-phosphotyrosine and 3-phosphoinositide (Dapp1)","","signal transduction","(revisit)","signaling","MF","Acropora millepora","coral",NA,NA,1.40330975942408,1.26981106895299,2.02970332399446,0.0856786895475883,0.24121985933211,-4.63613940097504
"131","222785020_EZ013654.1_12-1714","1.85691689027662","1.9834706803613","1.50550303222312","1.43679189392624","0.0880680145592286","0.948115148251692","1.33869309969152","0.0880680145592286",87,63,1609,"222785020_EZ013654.1","CUST_812_PI426227498","FALSE","gi|222785020_EZ013654.1_12-1714","EZ013654.1","EZ013654.1","EZ013654","dual adaptor of phosphotyrosine and 3-phosphoinositides","Dual adapter for phosphotyrosine and 3-phosphotyrosine and 3-phosphoinositide (Dapp1)","Dual adapter for phosphotyrosine and 3-phosphotyrosine and 3-phosphoinositide (Dapp1)","","signal transduction","(revisit)","signaling","MF","Acropora millepora","coral",NA,NA,-1.06858297716164,1.15570334673112,-2.15215837773901,0.0719751746074723,0.225442902282909,-4.46786956813689
"64","222547103_EZ003016.1_36-227","0.981873804174365","0.685720668435295","0.0190003866806313","1.56178704602003","0.0880680145592286","1.37707048336011","2.47555411452477","1.25228146306953",70,22,4336,"222547103_EZ003016.1","CUST_21_PI426266271","FALSE","gi|222547103_EZ003016.1_36-227","EZ003016.1","EZ003016.1","EZ003016","RING finger protein 213","RING finger protein 213 (RNF213)","RING finger protein 213 (RNF213)","","protein ubiquitination","zinc ion binding_angiogensis","wound healing","NCF","Acropora millepora","coral",NA,NA,1.30171950236705,1.05516949760299,2.24635989203362,0.0629634596066779,0.205716820611473,-4.33757838220364
"69","222550110_EZ006023.1_144-257","1.88017010173883","1.53482649701146","2.15198467441256","0.639204043677686","1.14238523331327","2.1735740710706","2.93605536545982","2.80695916495158",64,52,5305,"222550110_EZ006023.1","CUST_269_PI426227498","FALSE","gi|222550110_EZ006023.1_144-257","EZ006023.1","EZ006023.1","EZ006023","wiskott-aldrich syndrome protein","Wiskott-Aldrich syndrome protein (WAS","Wiskott-Aldrich syndrome protein (WAS","","signal transduction","(revisit)","immune response","SR","Acropora millepora","coral",NA,NA,1.01584684081808,1.90814489395448,2.314033204305,0.0572095438874173,0.194632142189716,-4.24369770825954
"159","222791339_EZ019727.1_400-579","1.67495131374879","2.06095277318842","1.56667823439006","1.81874451626359","1.53482649701146","0.565465559241028","0.0880680145592286","1.25228146306953",71,10,4178,"222791339_EZ019727.1","CUST_1144_PI426227498","FALSE","gi|222791339_EZ019727.1_400-579","EZ019727.1","EZ019727.1","EZ019727","serine threonine kinase 10","Serine/threonine-protein kinase 10","Serine/threonine-protein kinase 10","","signal transduction","(revisit)","signaling","MF","Acropora millepora","coral",NA,NA,-1.09735270162805,1.32024604643401,-2.31024810060668,0.0575166224940587,0.194632142189716,-4.24895287212006
"152","222788896_EZ017328.1_70-642","2.5131166829908","2.03840146785396","2.40853519711236","1.91298642306751","0.514988926538954","1.64609410407158","0.633654778757879","1.71528115526381",82,79,2421,"222788896_EZ017328.1","CUST_24_PI426246032","FALSE","gi|222788896_EZ017328.1_70-642","EZ017328.1","EZ017328.1","EZ017328","dna replication complex gins protein psf1","DNA replication complex GINS protein PSF1 (GINS1)","DNA replication complex GINS protein PSF1 (GINS1)","","DNA replication_repair_unwind","DNA binding","DNA replication","NCF","Acropora millepora","coral",NA,NA,-1.14554981564153,1.67288234195711,-2.32323791139338,0.0564698141158413,0.194564177726399,-4.23091643448853
"171","222794957_EZ023345.1_614-727","2.33158195804997","2.87482707610112","2.01835309657522","2.37333608980424","2.48729062403584","1.94699738806855","0.0880680145592286","2.03796692031385",24,133,11906,"222794957_EZ023345.1","CUST_162_PI426265159","FALSE","gi|222794957_EZ023345.1_614-727","EZ023345.1","EZ023345.1","EZ023345","carbonyl reductase 1","Carbonyl reductase","Carbonyl reductase","","metabolism-mixed","(revisit)","metabolism","MF","Acropora millepora","coral",NA,NA,-1.3452365761389,2.0198026459385,-2.3605996014561,0.053567177827458,0.18625651740006,-4.17901788308118
"312","78059173_DQ206391.1_1-663","5.08341753433103","5.19399347573694","4.0047328401063","4.65404859562164","4.23771862433725","3.820433598889","4.0047328401063","3.44336106178681",86,126,1660,"78059173_DQ206391.1","CUST_6_PI426244603","FALSE","gi|78059173_DQ206391.1_1-663","DQ206391.1","DQ206391.1","DQ206391","green fluorescent gfp-like protein","GFP-like chromoprotein","GFP-like chromoprotein","","bioluminescence","(revisit)","bioluminescence","NCF","Porites sp.","coral",NA,NA,-1.0366676657782,4.30530482136441,-2.40643303419624,0.0502159612805229,0.184775236168138,-4.11532465745138
"335","AJ884899.1","1.35394191523885","1.64609410407158","3.58081229568551","3.42447413942625","3.7089292836701","3.62975022666113","4.06526963788203","3.54749869078294",88,47,1453,"AJ884899.1","CUST_49_PI426232937","FALSE","emb|AJ884899.1|gi|87158058","AJ884899.1","AJ884899.1","AJ884899","","photosystem ii protein d1","chloroplast psbA gene","","photosynthesis","response to light","photosynthesis","ZOOX - photosynthesis","Symbiodinium sp.","zooxanthellae",NA,NA,1.61276805933384,3.1195962866773,2.51404605785138,0.043176489802282,0.166978465663927,-3.96580128308646
"87","222781649_EZ010320.1_492-611","2.47555411452477","2.17079943861069","1.18836828069505","0.805598105334112","1.53482649701146","0.269000386680631","0.633654778757879","0.705278511139764",91,124,841,"222781649_EZ010320.1","CUST_2_PI426247733","FALSE","gi|222781649_EZ010320.1_492-611","EZ010320.1","EZ010320.1","EZ010320","homeobox d4","Homeobox protein Hox-D4 (HOXD4","Homeobox protein Hox-D4 (HOXD4","","homeobox","DNA binding","regulation of transcription","NCF","Acropora millepora","coral",NA,NA,-1.27544063299468,1.22288501409429,-2.65587095659526,0.0354405695753017,0.152636089420901,-3.76920894484109
"65","222547239_EZ003152.1_154-255","1.29391398770856","1.87243550069878","1.85311343993994","1.24547549006673","1.31186157665322","2.38331641940286","0.577907518434892","0.705278511139764",94,25,480,"222547239_EZ003152.1","CUST_3_PI426266311","FALSE","gi|222547239_EZ003152.1_154-255","EZ003152.1","EZ003152.1","EZ003152","g protein coupled receptor 98-like protein","G-protein coupled receptor 98 (gpr98)","G-protein coupled receptor 98 (gpr98)","","signal transduction","(revisit)","signaling","MF","Acropora millepora","coral",NA,NA,-1.03156129466176,1.40541280550559,-2.72932628402679,0.032021830453664,0.142779691081631,-3.6677795871353
"358","FN646419.1","1.70137916832377","1.69003506238295","1.66853018214946","1.39451482844606","0.0880680145592286","1.8403042026455","0.0880680145592286","0.581871125900809",89,142,1160,"FN646419.1","CUST_288_PI426232937","FALSE","emb|FN646419.1|gi|306430552","FN646419.1","FN646419.1","FN646419","","light-harvesting protein","light-harvesting protein","","photosynthesis","response to light","photosynthesis","ZOOX - photosynthesis","Symbiodinium sp. clade C","zooxanthellae",NA,NA,-1.35167856738871,1.13159632487088,-2.76350841753081,0.0305516838832967,0.137846287997255,-3.6207004031606
"92","222782300_EZ010971.1_345-452","2.24425336358071","2.72991108767928","1.85311343993994","0.639204043677686","2.48729062403584","2.38331641940286","0.0880680145592286","0.981873804174365",84,156,1973,"222782300_EZ010971.1","CUST_527_PI426227498","FALSE","gi|222782300_EZ010971.1_345-452","EZ010971.1","EZ010971.1","EZ010971","sorting nexin 16","Sorting nexin-16 (Snx16)","Sorting nexin-16 (Snx16)","","signal transduction","(revisit)","signaling","MF","Acropora millepora","coral",NA,NA,-1.74078838769985,1.67587884963124,-2.78719113595722,0.0295752324998948,0.135048350812773,-3.58813228664403
"150","222788014_EZ016486.1_194-424","2.77660673799649","2.99993197209754","3.64519021802108","2.76777440034047","2.88558154067171","4.19899399162527","4.4339713302801","4.52048354170062",73,43,3915,"222788014_EZ016486.1","CUST_138_PI426264540","FALSE","gi|222788014_EZ016486.1_194-424","EZ016486.1","EZ016486.1","EZ016486","8r-lipoxygenase-allene oxide synthase fusion protein","Allene oxide synthase-lipoxygenase","Allene oxide synthase-lipoxygenase","","lipid metabolism","metal ion binding","metabolism","NCF","Acropora millepora","coral",NA,NA,1.33665112661865,3.52856671659166,2.81671484763919,0.0284041868465775,0.131282766034791,-3.54759307005224
"128","222784725_EZ013363.1_76-606","1.9415309604904","2.12924968866554","2.15198467441256","2.56363936982793","0.577907518434892","1.37707048336011","0.577907518434892","0.547868227268178",92,126,676,"222784725_EZ013363.1","CUST_123_PI426226915","FALSE","gi|222784725_EZ013363.1_76-606","EZ013363.1","EZ013363.1","EZ013363","actin-related protein 2 3 complex subunit 3","Actin-related protein 2/3 complex subunit 3 (Arpc3)","Actin-related protein 2/3 complex subunit 3 (Arpc3)","","cytoskeletal","cell motility_cytokinesis_signaling","cytoskeletal organization","MF","Acropora millepora","coral",NA,NA,-1.51136723500464,1.48339480511181,-2.90444677100917,0.0252067555683903,0.119417004505249,-3.42756757902717
"153","222789184_EZ017616.1_24-206","4.10668117164655","4.2312299521416","5.50655328613174","5.76246708322369","5.05627902741966","5.65025669299364","5.92917660835004","5.92917660835004",86,132,1657,"222789184_EZ017616.1","CUST_213_PI426246026","FALSE","gi|222789184_EZ017616.1_24-206","EZ017616.1","EZ017616.1","EZ017616","atp synthase f0 subunit 6","ATP synthase subunit a (ATPASE6)","ATP synthase subunit a (ATPASE6)","","ETC","ion transport","cellular respiration","NCF","Acropora millepora","coral",NA,NA,1.31435513837674,5.27147755378212,2.93018716601358,0.0243433056916623,0.119417004505249,-3.39248756289969
"336","AJ884900.1","2.05799616601478","1.88168557337925","3.18815506109807","3.23212864834229","3.01239148010501","2.86091442895074","4.10668117164655","3.23212864834229",85,6,1884,"AJ884900.1","CUST_52_PI426232937","FALSE","emb|AJ884900.1|gi|87158060","AJ884900.1","AJ884900.1","AJ884900","","photosystem ii protein d1","chloroplast psbA gene","","photosynthesis","response to light","photosynthesis","ZOOX - photosynthesis","Symbiodinium sp.","zooxanthellae",NA,NA,1.29345930983039,2.94651014723487,2.9133111256911,0.0249057625747217,0.119417004505249,-3.41547961907995
"170","222794957_EZ023345.1_351-665","3.62975022666113","3.68872678204118","4.19899399162527","4.04209787127237","4.18924324367383","4.83968726185046","4.52048354170062","5.18191803409356",70,125,4366,"222794957_EZ023345.1","CUST_159_PI426265159","FALSE","gi|222794957_EZ023345.1_351-665","EZ023345.1","EZ023345.1","EZ023345","carbonyl reductase 1","Carbonyl reductase","Carbonyl reductase","","metabolism-mixed","(revisit)","metabolism","MF","Acropora millepora","coral",NA,NA,1.01204378778789,4.2863626191148,3.07341603881808,0.0200835432496673,0.102860309346269,-3.19855020018049
"334","AJ884897.1","2.24425336358071","2.91125814289995","4.73959762744697","4.52048354170062","4.94100273677418","4.81300024718873","5.57531113027619","5.20945163651507",86,133,1738,"AJ884897.1","CUST_30_PI426232937","FALSE","emb|AJ884897.1|gi|87158054","AJ884897.1","AJ884897.1","AJ884897","","photosystem ii protein d1","chloroplast psbA gene","","photosynthesis","response to light","photosynthesis","ZOOX - photosynthesis","Symbiodinium sp.","zooxanthellae",NA,NA,2.09401167208642,4.3692948032978,3.07925182734285,0.0199279229829222,0.102860309346269,-3.19069674590269
"337","AJ884904.1","4.69075326254512","4.19899399162527","6.05256870452655","5.74181750289005","5.81112196486326","6.01415718391758","6.51148182612836","6.6041778086719",69,116,4453,"AJ884904.1","CUST_56_PI426232937","FALSE","emb|AJ884904.1|gi|87158414","AJ884904.1","AJ884904.1","AJ884904","","photosystem ii protein d1","chloroplast psbA gene","","photosynthesis","response to light","photosynthesis","ZOOX - photosynthesis","Symbiodinium sp.","zooxanthellae",NA,NA,1.57705783116782,5.70313403064601,3.13421171749984,0.0185244987768421,0.0975109032836547,-3.11693386816777
"350","DQ174705.1","3.15564103557038","3.16068631912202","5.20945163651507","5.12670336147502","5.50098485376547","5.2854008057801","6.02680726960541","5.63867949078568",92,3,819,"DQ174705.1","CUST_237_PI426232937","FALSE","gb|DQ174705.1|gi|86562520","DQ174705.1","DQ174705.1","DQ174705","","photosystem ii protein d1","psbA gene for photosystem II protein D1","","photosynthesis","response to light","photosynthesis","ZOOX - photosynthesis","Symbiodinium sp.","zooxanthellae",NA,NA,1.99081704979305,4.8880443465774,3.18235797364606,0.0173825578632933,0.0927885835237771,-3.05262040312014
"161","222791975_EZ020363.1_97-736","2.1763487035305","1.78565483775194","1.17102056104273","1.69449893971682","1.31186157665322","2.04672051334754","0.577907518434892","0.705278511139764",94,45,470,"222791975_EZ020363.1","CUST_116_PI426266274","FALSE","gi|222791975_EZ020363.1_97-736","EZ020363.1","EZ020363.1","EZ020363","glutathione peroxidase 1","Glutathione peroxidase 1 (GPX1","Glutathione peroxidase 1 (GPX1","","reactive O2 species metabolism","oxidoreductase","oxidative stress","SR","Acropora millepora","coral",NA,NA,-1.06941501932106,1.43366139520218,-3.21509558021473,0.016649684706819,0.0901461500554914,-3.00905806884776
"48","222545032_EZ001222.1_32-199","1.9415309604904","2.46409901871853","3.10558204862114","2.96819956616784","3.37908999349205","4.31764744586987","4.28384384111639","3.96298883219914",90,118,1008,"222545032_EZ001222.1","CUST_42_PI426227498","FALSE","gi|222545032_EZ001222.1_32-199","EZ001222.1","EZ001222.1","EZ001222","rho gtpase-activating protein 15","Rho GTPase-activating protein 12 (ARHGAP12)","Rho GTPase-activating protein 12 (ARHGAP12)","","signal transduction","(revisit)","signaling","MF","Acropora millepora","coral",NA,NA,1.61967899404774,3.30287271333442,3.39828218547712,0.0131210952819232,0.0843674963248816,-2.76796482713045
"82","222781461_EZ010132.1_140-790","3.56831894386609","3.44336106178681","3.33664562596181","3.18815506109807","3.17893077469793","2.56363936982793","2.8377405180255","1.92504641261958",96,26,70,"222781461_EZ010132.1","CUST_29_PI426226825","FALSE","gi|222781461_EZ010132.1_140-790","EZ010132.1","EZ010132.1","EZ010132","programmed cell death 10","Programmed cell death protein 10-A (pdcd10a)","Programmed cell death protein 10-A (pdcd10a)","","apoptosis","apoptosis","regulation of apoptosis","MF","Acropora millepora","coral",NA,NA,-1.06804841188236,3.00522972098547,-3.40081182502193,0.0130784638685827,0.0843674963248816,-2.76466850839093
"89","222781669_EZ010340.1_103-372","4.83968726185046","4.67240092908338","4.38692764664793","4.2442072965329","3.58081229568551","2.94593045036206","3.55790881732452","2.17079943861069",34,30,10236,"222781669_EZ010340.1","CUST_102_PI426226915","FALSE","gi|222781669_EZ010340.1_103-372","EZ010340.1","EZ010340.1","EZ010340","dynein light chain cytoplasmic","Cytoplasmic dynein 2 light intermediate chain 1 (DYNC2LI1)","Cytoplasmic dynein 2 light intermediate chain 1 (DYNC2LI1)","","cytoskeletal","cilium_flagella transport","cell motility","NCF","Acropora millepora","coral",NA,NA,-1.76865115122632,3.79983426701218,-3.49586099554725,0.0115811535132256,0.0843674963248816,-2.64149180983102
"168","222794651_EZ023039.1_82-663","3.19175530707823","2.82847925425065","2.78543907565251","2.78543907565251","3.06448974330969","1.988374594638","0.999706957782579","2.06379278275093",94,63,461,"222794651_EZ023039.1","CUST_10_PI426244593","FALSE","gi|222794651_EZ023039.1_82-663","EZ023039.1","EZ023039.1","EZ023039","alcohol dehydrogenase","aldo-keto reductase family 1, member B1 (aldose reductase) (Akr1b1)","aldo-keto reductase family 1, member B1 (aldose reductase) (Akr1b1)",""," oxidoreductase","response to stress","metabolism","NCF","Acropora millepora","coral",NA,NA,-1.40347467539371,2.46343459888939,-3.35184874836385,0.0139311327801107,0.0843674963248816,-2.82863444007139
"172","222795160_EZ023548.1_315-443","3.89077112709925","3.55790881732452","2.64832998854365","3.17330673427794","2.88558154067171","2.53790990541386","1.15824226825707","2.31503945650291",91,58,874,"222795160_EZ023548.1","CUST_426_PI426227486","FALSE","gi|222795160_EZ023548.1_315-443","EZ023548.1","EZ023548.1","EZ023548","catalase","Catalase (Cat)","Catalase (Cat)","","reactive O2 species metabolism","(revisit)","oxidative stress","SR","Acropora millepora","coral",NA,NA,-1.62902911527581,2.77088622976136,-3.40760968783887,0.0129646472110582,0.0843674963248816,-2.7558149502193
"324","AB209969.1","1.91298642306751","1.5678725358243","1.9524638156467","1.81874451626359","0.74975245448397","0.565465559241028","0.74975245448397","0.0880680145592286",96,29,150,"AB209969.1","CUST_10_PI426244603","FALSE","dbj|AB209969.1|gi|91754020","AB209969.1","AB209969.1","AB209969","large stokes shift fluorescent protein","Large stokes shift fluorescent protein","Large stokes shift fluorescent protein","","bioluminescence","(revisit)","bioluminescence","NCF","Montipora sp.","coral",NA,NA,-1.39219735699123,1.17563822169629,-3.40842509693721,0.0129510674938393,0.0843674963248816,-2.75475340890014
"338","AJ884905.1","3.96298883219914","3.820433598889","5.74181750289005","5.63867949078568","5.86401158571536","5.81112196486326","6.45792397566801","6.2801350516391",82,158,2300,"AJ884905.1","CUST_60_PI426232937","FALSE","emb|AJ884905.1|gi|87158416","AJ884905.1","AJ884905.1","AJ884905","","photosystem ii protein d1","chloroplast psbA gene","","photosynthesis","response to light","photosynthesis","ZOOX - photosynthesis","Symbiodinium sp.","zooxanthellae",NA,NA,1.86061620232749,5.4471390003312,3.33459272325374,0.0142459076086951,0.0843674963248816,-2.85125911542557
"339","AJ884906_137_171","4.32503579076091","4.4671367535173","6.07249416625276","6.02680726960541","5.96658537535014","6.25970696837329","6.75603936514038","6.75603936514038",69,151,4517,"AJ884906_137_171","CUST_135_PI426266615","FALSE","","AJ884906","AJ884906.1","AJ884906","","chloroplast partial psbA gene for photosystem II protein D1","chloroplast partial psbA gene for photosystem II protein D1","","photosynthesis","response to light","photosynthesis","ZOOX - photosynthesis","Symbiodinium sp.","zooxanthellae",NA,NA,1.80115046163006,5.82873063176757,3.54052189814747,0.0109431844480293,0.0843674963248816,-2.584080492024
"347","AY160084.1","3.40233451298737","3.41340432620681","5.65025669299364","5.50098485376547","5.94890639826599","5.67763917694534","6.61861012356063","6.29410405787672",93,97,608,"AY160084.1","CUST_200_PI426232937","FALSE","gb|AY160084.1|gi|37719555","AY160084.1","AY160084.1","AY160084","","photosystem ii protein d1","psbA gene for photosystem II protein D1","","photosynthesis","response to light","photosynthesis","ZOOX - photosynthesis","Symbiodinium sp.","zooxanthellae",NA,NA,2.30102524665606,5.31328001782525,3.37952972220803,0.0134418880652897,0.0843674963248816,-2.7924295283042
"351","DQ174708.1","4.13548009404676","4.32503579076091","6.49008555294565","6.29410405787672","6.6041778086719","6.44642900461837","7.45067785391525","7.27012461398057",57,39,6541,"DQ174708.1","CUST_240_PI426232937","FALSE","gb|DQ174708.1|gi|86562526","DQ174708.1","DQ174708.1","DQ174708","","photosystem ii protein d1","psbA gene for photosystem II protein D1","","photosynthesis","response to light","photosynthesis","ZOOX - photosynthesis","Symbiodinium sp.","zooxanthellae",NA,NA,2.37686742136347,6.12701434710202,3.50066831008179,0.0115105672121479,0.0843674963248816,-2.6352975545783
"352","DQ174709.1","2.82847925425065","2.64832998854365","4.81300024718873","4.78339527692815","5.13287597755642","4.78339527692815","5.71022388547341","5.38955134561619",90,68,1033,"DQ174709.1","CUST_241_PI426232937","FALSE","gb|DQ174709.1|gi|86562528","DQ174709.1","DQ174709.1","DQ174709","","photosystem ii protein d1","psbA gene for photosystem II protein D1","","photosynthesis","response to light","photosynthesis","ZOOX - photosynthesis","Symbiodinium sp.","zooxanthellae",NA,NA,2.11995111888379,4.51115640656067,3.3515437212134,0.0139366307639846,0.0843674963248816,-2.82903400198294
"378","SedC(E9)_105_140","4.97557401418963","4.67240092908338","4.0047328401063","4.12108063284665","3.25296158086683","3.04314020837702","1.33869309969152","3.33664562596181",88,89,1432,"SedC(E9)_105_140","CUST_380_PI426266615","FALSE","","SedC(E9)","JK822204.1","SedC(E9)","","Translocon-associated protein subunit delta (TRAPD); signal sequence receptor, delta  (SSR4)","Translocon-associated protein subunit delta (TRAPD); signal sequence receptor, delta  (SSR4)","","protein transport","calcium ion binding","protein transport","NCF","Montastraea cavernosa","coral",NA,NA,-2.21323323163311,3.59315361639039,-3.43050176511467,0.0125892363128767,0.0843674963248816,-2.72604967045289
"154","222789184_EZ017616.1_544-1224","8.28378946680974","8.36021224288255","9.1230905095395","9.22656321238416","9.80021231453511","9.89420778216819","9.80021231453511","9.70228469275972",88,157,1398,"222789184_EZ017616.1","CUST_217_PI426246026","FALSE","gi|222789184_EZ017616.1_544-1224","EZ017616.1","EZ017616.1","EZ017616","atp synthase f0 subunit 6","ATP synthase subunit a (ATPASE6)","ATP synthase subunit a (ATPASE6)","","ETC","ion transport","cellular respiration","NCF","Acropora millepora","coral",NA,NA,1.16221776390348,9.27382156695176,3.70766100853907,0.00887595373904585,0.0828509973970566,-2.37195797209869
"210","27372282_AB086878.1_8-877","3.10558204862114","3.33664562596181","5.1511661613206","5.05627902741966","5.51212171849802","5.41887335932115","6.07249416625276","5.94890639826599",87,99,1591,"27372282_AB086878.1","CUST_7_PI426232937","FALSE","gi|27372282_AB086878.1_8-877","AB086878.1","AB086878.1","AB086878","","photosystem ii protein d1","psbA gene for photosystem II protein D1","","photosynthesis","response to light","photosynthesis","ZOOX - photosynthesis","Symbiodinium sp.","zooxanthellae",NA,NA,2.14623567029153,4.95025856320764,3.62735560880268,0.00981010061536171,0.0828509973970566,-2.47333126301402
"211","281331149_AB456561.1_1-1074","4.73959762744697","4.83968726185046","5.77032173900241","5.38955134561619","5.63867949078568","5.94890639826599","6.25970696837329","6.43123852723368",87,73,1604,"281331149_AB456561.1","CUST_14_PI426232937","FALSE","gi|281331149_AB456561.1_1-1074","AB456561.1","AB456561.1","AB456561","","photosystem ii protein d2","psbD mRNA for photosystem II","","photosynthesis","response to light","photosynthesis","ZOOX - photosynthesis","Symbiodinium sp.","zooxanthellae",NA,NA,1.22893720503687,5.62721116982183,3.63958480304069,0.00966113016146414,0.0828509973970566,-2.45782810568246
"311","78059147_DQ206378.1_1-666","1.50838848386225","1.91298642306751","0.805598105334112","0.962596189337506","1.31186157665322","1.79715469176376","0.0880680145592286","0.0880680145592286",89,69,1278,"78059147_DQ206378.1","CUST_9_PI426244603","FALSE","gi|78059147_DQ206378.1_1-666","DQ206378.1","DQ206378.1","DQ206378","gfp-like chromoprotein","GFP-like chromoprotein","GFP-like chromoprotein","","bioluminescence","(revisit)","bioluminescence","NCF","Stylocoeniella sp.","coral",NA,NA,-1.32092298952873,1.0593401873921,-3.59519391969528,0.0102140438522976,0.0828509973970566,-2.51421472945962
"188","222801388_EZ029776.1_114-779","4.88556360939825","4.94100273677418","4.30074564349313","4.58058070255004","3.79885211870592","3.79885211870592","3.23212864834229","3.7089292836701",70,25,4416,"222801388_EZ029776.1","CUST_69_PI426226868","FALSE","gi|222801388_EZ029776.1_114-779","EZ029776.1","EZ029776.1","EZ029776","gtp-binding nuclear protein ran","GTP-binding nuclear protein Ran (ran)","GTP-binding nuclear protein Ran (ran)","","cell cycle regulation","(revisit)","cell cycle regulation","NCF","Acropora millepora","coral",NA,NA,-1.23857503054899,4.15583185770498,-3.76646848697719,0.00825394139063525,0.0812810918852218,-2.29837411406767
"197","222802852_EZ031240.1_69-386","0","0.948115148251692","0.650980700033619","1.56178704602003","0.74975245448397","1.25228146306953","1.9524638156467","1.71528115526381",94,54,384,"222802852_EZ031240.1","CUST_501_PI426227486","FALSE","gi|222802852_EZ031240.1_69-386","EZ031240.1","EZ031240.1","EZ031240","syntaxin binding protein 1","Syntaxin-binding protein 1 (Stxbp1","Syntaxin-binding protein 1 (Stxbp1","","misc","(revisit)","misc (fix)","misc","Acropora millepora","coral",NA,NA,1.30084053602682,1.10383272284617,3.81694096155199,0.00775823329068741,0.0812810918852218,-2.23566459155323
"303","6088081_AB033198.1_39-647","7.76545993979313","7.70599554783957","8.72783997972053","8.90100740004939","9.36181480909824","9.27416735025735","9.5263367739833","9.17415279273613",92,25,808,"6088081_AB033198.1","CUST_6_PI426266267","FALSE","gi|6088081_AB033198.1_39-647","AB033198.1","AB033198.1","AB033198","atp synthase f0 subunit 6","ATPase 6","ATPase 6","","ETC","ion transport","cellular respiration","NCF","Acropora gemmifera","coral",NA,NA,1.28381296090864,8.8045968241847,3.75571350426118,0.0083640173707748,0.0812810918852218,-2.31178993118793
"302","6088075_AB033195.1_39-647","8.02484498359668","7.97300031626315","8.82301726488611","9.05643389641626","9.5263367739833","9.4312925170689","9.36181480909824","9.5263367739833",90,141,1078,"6088075_AB033195.1","CUST_2_PI426266267","FALSE","gi|6088075_AB033195.1_39-647","AB033195.1","AB033195.1","AB033195","atp synthase f0 subunit 6","ATPase 6","ATPase 6","","mitochondrial_energy metabolism","ion transport","respiration","NCF","Acropora donei","coral",NA,NA,1.17045493662545,8.96538466691199,4.02600505059898,0.00602758823373184,0.0736921271156247,-1.9803640333382
"127","222784674_EZ013314.1_79-375","2.12924968866554","2.17079943861069","1.66853018214946","1.43679189392624","0.633654778757879","1.22349018297439","0.955790216334709","0.0880680145592286",80,143,2717,"222784674_EZ013314.1","CUST_8_PI426264530","FALSE","gi|222784674_EZ013314.1_79-375","EZ013314.1","EZ013314.1","EZ013314","voltage-dependent l-type calcium","Voltage-dependent L-type calcium channel subunit alpha-1F (Cacna1f)","Voltage-dependent L-type calcium channel subunit alpha-1F (Cacna1f)","","ion channel_transport","ion transport","ion binding","MF","Acropora millepora","coral",NA,NA,-1.46759732102826,1.28829679949727,-4.20470092837503,0.00488351708558142,0.0638602435650474,-1.76792066271841
"83","222781484_EZ010155.1_950-1108","2.42377364522325","2.69315379320424","1.85311343993994","2.07471210031703","1.14238523331327","1.25228146306953","0.0880680145592286","0.981873804174365",76,23,3433,"222781484_EZ010155.1","CUST_500_PI426227498","FALSE","gi|222781484_EZ010155.1_950-1108","EZ010155.1","EZ010155.1","EZ010155","casein kinase i-like","Casein kinase I (CK1)","Casein kinase I (CK1)","","signal transduction","(revisit)","signaling","MF","Acropora millepora","coral",NA,NA,-1.78837605008901,1.56367018672511,-4.27564456494449,0.00449801373295013,0.0631387853625222,-1.68506863528849
"19","168989246_DQ483007.1_370-717","1.9415309604904","1.9834706803613","2.91125814289995","2.67155758725849","3.11234699754565","3.30916873636294","3.62975022666113","4.0107732179922",88,130,1330,"168989246_DQ483007.1","CUST_27_PI426267032","FALSE","gi|168989246_DQ483007.1_370-717","DQ483007.1","DQ483007.1","DQ483007","ccaat enhancer binding protein (c ebp) gamma","CCAAT enhancer-binding protein-like mRNA","CCAAT enhancer-binding protein-like mRNA","","transcription regulation","DNA binding","regulation of transcription","ZOOX - transcription","Symbiodinium sp. clade C","zooxanthellae",NA,NA,1.54150846107611,2.94623206869651,4.39605062921307,0.00391882239871283,0.0585002824375331,-1.54639456872038
"22","189342634_EU534176.1_1036-1236","8.84788295598411","8.84788295598411","8.34286836450083","8.32552448611912","7.90610985184479","7.8202095207553","7.60503459456429","7.70599554783957",77,129,3216,"189342634_EU534176.1","CUST_90_PI426245467","FALSE","gi|189342634_EU534176.1_1036-1236","EU534176.1","EU534176.1","EU534176","calmodulin","Calmodulin","Calmodulin","","calcium signaling","calcium ion binding","signaling","MF","Isopora cuneata","coral",NA,NA,-1.02402968762109,8.17518853469901,-4.60502769021773,0.0031006286627205,0.0585002824375331,-1.31150754552789
"44","222544563_EZ000753.1_478-630","3.15564103557038","3.19175530707823","2.56363936982793","2.89633600524232","2.71467974871514","2.47828838495082","0.0880680145592286","1.71528115526381",93,144,503,"222544563_EZ000753.1","CUST_33_PI426226915","FALSE","gi|222544563_EZ000753.1_478-630","EZ000753.1","EZ000753.1","EZ000753","alpha tubulin","Tubulin alpha-1B chain (Tuba1b)","Tubulin alpha-1B chain (Tuba1b)","","cytoskeletal","cell motility_protein binding","cytoskeletal organization","MF","Acropora millepora","coral",NA,NA,-2.06867065258066,2.35046112765098,-4.37512622107574,0.00401321198779911,0.0585002824375331,-1.57031807609874
"200","222803034_EZ031422.1_86-244","4.26944486127262","4.2766443511945","4.38692764664793","4.32503579076091","3.58081229568551","3.69882803285564","3.37908999349205","3.17893077469793",83,96,2167,"222803034_EZ031422.1","CUST_102_PI426227495","FALSE","gi|222803034_EZ031422.1_86-244","EZ031422.1","EZ031422.1","EZ031422","ribosomal protein s3","40S ribosomal protein S3 (Rps3)","40S ribosomal protein S3 (Rps3)","","ribosomal","(revisit)","translation","NCF","Acropora millepora","coral",NA,NA,-1.03199523561003,3.88696421832588,-4.48249247407785,0.00355426933522462,0.0585002824375331,-1.44834492486648
"329","Ac_25_10_44","3.01239148010501","2.63234662599118","2.48102265537688","2.47828838495082","1.27931870498597","1.93050961188316","0.955790216334709","1.25228146306953",80,69,2754,"Ac_25_10_44","CUST_72_PI426266615","FALSE","","Ac_25","EZ031544","Ac_25","","Calmodulin","Calmodulin","","calcium signaling","calcium ion binding","signaling","MF","Acropora millepora","coral",NA,NA,-1.60455108078891,2.00274364283716,-4.51040381205591,0.00344476401931936,0.0585002824375331,-1.4169541194846
"348","AY160087.1","2.89633600524232","2.94593045036206","3.51881020483828","3.54749869078294","3.98084064720977","4.2312299521416","4.26944486127262","4.86269760676513",89,115,1255,"AY160087.1","CUST_216_PI426232937","FALSE","gb|AY160087.1|gi|37719560","AY160087.1","AY160087.1","AY160087","","psii d1 reaction center protein","psbA gene for photosystem II protein D1","","photosynthesis","response to light","photosynthesis","ZOOX - photosynthesis","Symbiodinium sp.","zooxanthellae",NA,NA,1.44571234720465,3.78159855232684,4.74611124538643,0.00265664394378287,0.0585002824375331,-1.15706634695306
"355","DQ482993.1","1.72740776757118","1.17591174941277","1.19755941012279","1.95855209700032","1.26108012905595","2.31503945650291","2.76777440034047","2.89633600524232",95,46,224,"DQ482993.1","CUST_246_PI426232937","FALSE","gb|DQ482993.1|gi|168989232","DQ482993.1","DQ482993.1","DQ482993","","peridinin chlorophyll-a binding protein apoprotein precursor","peridinin chlorophyll-a binding protein apoprotein (pcp)","","photosynthesis","response to light","photosynthesis","ZOOX - photosynthesis","Symbiodinium sp. clade C","zooxanthellae",NA,NA,1.46509556042248,1.91245762690609,4.44082378100637,0.00372504944711482,0.0585002824375331,-1.49545197377691
"68","222549086_EZ004999.1_74-229","3.45138145221737","3.47674877666892","2.56363936982793","3.01239148010501","2.71467974871514","2.47828838495082","1.15824226825707","1.71528115526381",78,102,2984,"222549086_EZ004999.1","CUST_30_PI426264540","FALSE","gi|222549086_EZ004999.1_74-229","EZ004999.1","EZ004999.1","EZ004999","cdp-diacylglycerol--inositol 3-phosphatidyltransferase (phosphatidylinositol synthase)","CDP-diacylglycerol--inositol 3-phosphatidyltransferase (CDIPT","CDP-diacylglycerol--inositol 3-phosphatidyltransferase (CDIPT","","metal ion binding","responses to extracellular stimuli","signaling","MF","Acropora millepora","coral",NA,NA,-1.72716148781097,2.57133157950076,-5.05409408935756,0.00191435519441852,0.048111386265428,-0.831334387796577
"137","222785316_EZ013950.1_67-577","2.14368498785996","1.60496437657799","1.70379551959684","1.56178704602003","0.74975245448397","1.06498795630589","0.577907518434892","0.0880680145592286",87,15,1633,"222785316_EZ013950.1","CUST_905_PI426227498","FALSE","gi|222785316_EZ013950.1_67-577","EZ013950.1","EZ013950.1","EZ013950","c-jun-amino-terminal kinase-interacting protein 1-like","C-jun-amino-terminal kinase-interacting protein 1 (MAPK8IP1)","C-jun-amino-terminal kinase-interacting protein 1 (MAPK8IP1)","","signal transduction","(revisit)","signaling","MF","Acropora millepora","coral",NA,NA,-1.48449386151453,1.18686848422985,-4.99754501732852,0.00203108754682546,0.048111386265428,-0.889982477054591
"327","Ac_11_135_169","3.23212864834229","3.11234699754565","2.71467974871514","2.43820878406777","2.25558209619049","1.94699738806855","0.955790216334709","1.85311343993994",89,8,1227,"Ac_11_135_169","CUST_28_PI426266615","FALSE","","Ac_11","EZ040771","Ac_11","","Glutathione S-transferase Mu 3 (GSTM3)","Glutathione S-transferase Mu 3 (GSTM3)","","reactive O2 species metabolism","metabolism of xenobiotics & drugs","response to xenobiotic","SR","Acropora millepora","coral",NA,NA,-1.61526663673037,2.31360591490057,-5.23725902082781,0.00158501762746135,0.0429086914862752,-0.644893037321256
"98","222783095_EZ011764.1_34-798","3.49409571068992","3.09881709969662","2.84700178180036","2.30978145575284","2.64033830726741","2.1735740710706","1.76554841119475","2.0004864038661",96,78,44,"222783095_EZ011764.1","CUST_11_PI426227887","FALSE","gi|222783095_EZ011764.1_34-798","EZ011764.1","EZ011764.1","EZ011764","arsenite methyltransferase","Arsenite methyltransferase (As3mt)","Arsenite methyltransferase (As3mt)","","response to toxin","(revisit)","response to xenobiotic","SR","Acropora millepora","coral",NA,NA,-1.26362078986521,2.54120540516732,-5.44242505187301,0.00128959702077581,0.0415141041293376,-0.442338716171483
"120","222784033_EZ012691.1_318-422","1.5642575687817","0.785427731841751","0.994157692862773","0.962596189337506","0.0880680145592286","0.103759374819711","3.04314020837702","3.30916873636294",87,18,1550,"222784033_EZ012691.1","CUST_18_PI426266278","FALSE","gi|222784033_EZ012691.1_318-422","EZ012691.1","EZ012691.1","EZ012691","mitochondrial fission 1 protein","Mitochondrial fission 1 protein (Fis1)","Mitochondrial fission 1 protein (Fis1)","","peroxisomal","lipid binding_peroxisome biogenesis","transport","MF","Acropora millepora","coral",NA,NA,2.0615401412079,1.35632193961783,5.95975772094558,0.000784537238943887,0.0415141041293376,0.0400916686035497
"122","222784115_EZ012773.1_1189-1293","0.74975245448397","0.948115148251692","0.994157692862773","0.962596189337506","1.14238523331327","0.103759374819711","2.67155758725849","3.10558204862114",55,163,6807,"222784115_EZ012773.1","CUST_108_PI426227893","FALSE","gi|222784115_EZ012773.1_1189-1293","EZ012773.1","EZ012773.1","EZ012773","mediator of rna polymerase ii transcription subunit 10","Mediator of RNA polymerase II","Mediator of RNA polymerase II","","transcription regulation","(revisit)","transcription","NCF","Acropora millepora","coral",NA,NA,1.99122805274033,1.33473821611857,6.16211521414613,0.000651451067467996,0.0415141041293376,0.218251106880524
"155","222789249_EZ017681.1_298-729","1.762055211139","1.87865463009842","1.17102056104273","1.24547549006673","1.762055211139","1.06498795630589","0.0880680145592286","0.0880680145592286",61,36,5805,"222789249_EZ017681.1","CUST_1082_PI426227498","FALSE","gi|222789249_EZ017681.1_298-729","EZ017681.1","EZ017681.1","EZ017681","regulator of g-protein signaling 7","Regulator of G-protein signaling 7 (Rgs7)","Regulator of G-protein signaling 7 (Rgs7)","","signal transduction","(revisit)","signaling","MF","Acropora millepora","coral",NA,NA,-1.51584211953415,1.13254813611378,-5.38851817157904,0.00136070642765285,0.0415141041293376,-0.494925359264383
"190","222801892_EZ030280.1_509-2523","0.48029717959784","0.337188815577413","0.0190003866806313","1.43679189392624","0.948115148251692","1.37707048336011","1.67626766471928","2.5507746376209",78,127,3053,"222801892_EZ030280.1","CUST_1446_PI426227498","FALSE","gi|222801892_EZ030280.1_509-2523","EZ030280.1","EZ030280.1","EZ030280","serine threonine-protein phosphatase 2a 65 kda regulatory subunit a alpha isoform","Serine/threonine-protein phosphatase 2A 65 kDa regulatory subunit A alpha isoform (PPP2R1A","Serine/threonine-protein phosphatase 2A 65 kDa regulatory subunit A alpha isoform (PPP2R1A","","signal transduction","(revisit)","signaling","MF","Acropora millepora","coral",NA,NA,1.83469235721813,1.10318827621676,6.10340730402349,0.000687224239224082,0.0415141041293376,0.167153549441362
"191","222801996_EZ030384.1_31-1032","1.88017010173883","2.06095277318842","1.73608126346325","1.67626766471928","1.33869309969152","1.29098161610556","0.678045600352277","1.07353387259416",95,140,177,"222801996_EZ030384.1","CUST_183_PI426266274","FALSE","gi|222801996_EZ030384.1_31-1032","EZ030384.1","EZ030384.1","EZ030384","glucose-6-phosphate dehydrogenase","Glucose-6-phosphate 1-dehydrogenase (g6pd)","Glucose-6-phosphate 1-dehydrogenase (g6pd)","","metabolism-mixed","(revisit)","metabolism","MF","Acropora millepora","coral",NA,NA,-1.01661164299028,1.46684074898166,-5.34316623696701,0.00142396663240472,0.0415141041293376,-0.539515004515619
"217","288950266_GQ501337.1_136-375","4.58058070255004","4.6178072578891","4.69075326254512","4.2442072965329","4.52048354170062","4.40130766774968","3.16699652669998","3.79885211870592",81,63,2593,"288950266_GQ501337.1","CUST_173_PI426232940","FALSE","gi|288950266_GQ501337.1_136-375","GQ501337.1","GQ501337.1","GQ501337","cytochrome oxidase subunit I (cox1)","cytochrome oxidase subunit I (cox1)","cytochrome oxidase subunit I (cox1); MT-CO1","","cell respiration","ETC","cellular respiration","NCF","Symbiodinium pilosum","zooxanthellae",NA,NA,-1.1467894182918,4.25262354679667,-5.77487833311589,0.000933579123285515,0.0415141041293376,-0.127776163520704
"284","31505752_AY289712.1_88-912","2.03796692031385","2.38331641940286","1.85311343993994","1.81874451626359","1.14238523331327","1.6039338689037","0.0880680145592286","0.0880680145592286",77,156,3121,"31505752_AY289712.1","CUST_75_PI426232940","FALSE","gi|31505752_AY289712.1_88-912","AY289712.1","AY289712.1","AY289712","cytochrome c oxidase subunit I (cox1)","cytochrome c oxidase subunit I (cox1)","cytochrome c oxidase subunit I (MT-CO1)","","ETC","respiration","cellular respiration","NCF","Symbiodinium sp.","zooxanthellae",NA,NA,-2.00339757865965,1.37694955340696,-8.3502876939568,0.000112630594773291,0.0415141041293376,1.82113978232858
"370","MGID_549_225_259","4.0107732179922","3.93896397678992","3.75894036380451","3.68872678204118","3.66063020938103","3.19175530707823","2.67155758725849","2.46409901871853",88,51,1451,"MGID_549_225_259","CUST_326_PI426266615","FALSE","","MGID_549","DQ104435.1","MGID_549","","Catalase (Cat)","Catalase (Cat)","","reactive O2 species metabolism","(revisit)","oxidative stress","SR","Anemonia viridis","anemone",NA,NA,-1.33506421654037,3.42318080788301,-7.12486928421147,0.000285349889080346,0.0415141041293376,0.991645876650787
"379","U60604_123_157","2.03362812570339","1.71783916808378","2.01835309657522","1.0596043660694","1.27931870498597","1.46182165609202","0.0880680145592286","0.785427731841751",88,102,1344,"U60604_123_157","CUST_389_PI426266615","FALSE","","U60604","U60604.1","U60604","","beta tubulin gene","beta tubulin gene","","cytoskeletal","cell motility_cytokinesis_signaling","cytoskeletal organization","MF","Montastraea faveolata","coral",NA,NA,-1.48652559025364,1.30550760798885,-6.16834816367558,0.000647778654245745,0.0415141041293376,0.223648070887947
